"Vremenska oznaka","U kojoj ste dobnoj skupini?","Spol","Koristite li Internet/Mobilno bankarstvo?","U kojoj banci koristite Internet/Mobilno Bankarstvo (moguÄ‡nost viÅ¡estrukog odabira)?","Koje opcije Internet/Mobilnog bankarstva najÄeÅ¡Ä‡e koristite (moguÄ‡nost viÅ¡estrukog odabira)?","Da li ste zadovoljni Internet/Mobilnim bankarstvom koje koristite?","Koje usluge smatrate da bi Internet/Mobilno m bankarstvu koje koristite trebalo dodati?","Koje ostale FinTech servise koristite, molim navedite? (npr. Revolut)","Koje transakcije najÄeÅ¡Ä‡e provodite putem FinTech aplikacije? (npr. kupovina, mjenjaÄnica, transfer novca)","Koje su po Vama prednosti, a Å¡to nedostaci FinTech aplikacija?","OsjeÄ‡ate li se sigurno pri koriÅ¡tenju Internet/Mobilnog bankarstva/FinTech aplikacija"
"2020/10/31 9:41:33 AM CET","41-45","Å½","Da","PBZ;Addiko Bank","Uvid u sve raÄune/kredite/trajne naloge/promet po raÄunu;PlaÄ‡anje reÅ¾ijskih raÄuna;Transfer novca na druge raÄune;Zahtjev za nenamjenski kredit","Da, ali treba ga dodatno unaprijediti","Dostavu novog PIN-a za debitnu/kreditnu karticu na zahtjev;Blokiranje svih kartica na zahtjev (npr. u sluÄaju kraÄ‘e/gubitka) bez odlaska u poslovnicu banke;Ugovaranje/raskid trajnog naloga;Otvaranje novog raÄuna (npr. Å¾iro raÄuna);Zahtjev za promjenom dopuÅ¡tenog prekoraÄenja;Virtualnu karticu","-","-","","Da, ali samo koristeÄ‡i Internet/Mobilno bankarstvo"
"2020/10/31 9:49:11 AM CET","41-45","M","Da","PBZ","Uvid u sve raÄune/kredite/trajne naloge/promet po raÄunu;PlaÄ‡anje reÅ¾ijskih raÄuna;Transfer novca na druge raÄune;Zahtjev za nenamjenski kredit","Da u potpunosti","Dostavu novog PIN-a za debitnu/kreditnu karticu na zahtjev;Blokiranje svih kartica na zahtjev (npr. u sluÄaju kraÄ‘e/gubitka) bez odlaska u poslovnicu banke;Ugovaranje/raskid trajnog naloga;Ukidanje opunomoÄ‡enika;Virtualnu karticu","","","","Da, u potpunosti sigurno"
"2020/10/31 10:56:49 AM CET","36-40","Å½","Da","ZABA","Uvid u sve raÄune/kredite/trajne naloge/promet po raÄunu;PlaÄ‡anje reÅ¾ijskih raÄuna;Transfer novca na druge raÄune;Kupoprodaja strane valute (MijenjaÄnica)","Da, ali treba ga dodatno unaprijediti","Blokiranje svih kartica na zahtjev (npr. u sluÄaju kraÄ‘e/gubitka) bez odlaska u poslovnicu banke;Ugovaranje/raskid trajnog naloga;Otvaranje novog raÄuna (npr. Å¾iro raÄuna);Zahtjev za promjenom dopuÅ¡tenog prekoraÄenja;Ukidanje opunomoÄ‡enika","","","","Da, u potpunosti sigurno"
"2020/10/31 11:00:40 AM CET","36-40","M","Da","Neka druga banka","Uvid u sve raÄune/kredite/trajne naloge/promet po raÄunu;PlaÄ‡anje reÅ¾ijskih raÄuna","Da, ali treba ga dodatno unaprijediti","Internet/Mobilno bankarstvo koje koristim nudi sve gore navedene usluge","-","Kupovina","Prednosti dostupnost,nedostaci komplicirani sigurnosni protokoli","Da, ali samo koristeÄ‡i Internet/Mobilno bankarstvo"
"2020/10/31 11:02:05 AM CET","36-40","Å½","Da","ZABA","Uvid u sve raÄune/kredite/trajne naloge/promet po raÄunu;Transfer novca na druge raÄune","Da, ali treba ga dodatno unaprijediti","Ugovaranje/raskid trajnog naloga;Zahtjev za promjenom dopuÅ¡tenog prekoraÄenja","Revolut","Kupovina, transfer novca","Jednostavnija aplikacija","Da, ali samo koristeÄ‡i Internet/Mobilno bankarstvo"
"2020/10/31 11:03:54 AM CET","41-45","Å½","Da","ZABA","Uvid u sve raÄune/kredite/trajne naloge/promet po raÄunu;PlaÄ‡anje reÅ¾ijskih raÄuna;Transfer novca na druge raÄune;Kupoprodaja strane valute (MijenjaÄnica);OroÄavanje sredstava (Å tednja)","Da u potpunosti","Zahtjev i ugovaranje nenamjenskih kredita;Ulaganje u investicijske fondove;Dostavu novog PIN-a za debitnu/kreditnu karticu na zahtjev;Blokiranje svih kartica na zahtjev (npr. u sluÄaju kraÄ‘e/gubitka) bez odlaska u poslovnicu banke;Ugovaranje/raskid trajnog naloga;Otvaranje novog raÄuna (npr. Å¾iro raÄuna);Zahtjev za promjenom dopuÅ¡tenog prekoraÄenja;Ukidanje opunomoÄ‡enika;Virtualnu karticu","NiÅ¡ta","Nemam odgovor","Ne znam","Da, u potpunosti sigurno"
"2020/10/31 11:07:15 AM CET","41-45","Å½","Da","ZABA","Uvid u sve raÄune/kredite/trajne naloge/promet po raÄunu;PlaÄ‡anje reÅ¾ijskih raÄuna;Transfer novca na druge raÄune","Da u potpunosti","Blokiranje svih kartica na zahtjev (npr. u sluÄaju kraÄ‘e/gubitka) bez odlaska u poslovnicu banke","Niti jednu","Niti jednu","Prednost- ne treba se ici u banku, mana- nesigurnost, tesko za vecinu starijih i slabijih u IKT ","Ne osjeÄ‡am se sigurno"
"2020/10/31 11:07:22 AM CET","41-45","Å½","Da","Erste Bank","Uvid u sve raÄune/kredite/trajne naloge/promet po raÄunu","Da u potpunosti","Blokiranje svih kartica na zahtjev (npr. u sluÄaju kraÄ‘e/gubitka) bez odlaska u poslovnicu banke","Ne koristim","Nista","","Da, ali samo koristeÄ‡i Internet/Mobilno bankarstvo"
"2020/10/31 11:08:08 AM CET","36-40","Å½","Da","ZABA","Uvid u sve raÄune/kredite/trajne naloge/promet po raÄunu;PlaÄ‡anje reÅ¾ijskih raÄuna;Transfer novca na druge raÄune","Da u potpunosti","Internet/Mobilno bankarstvo koje koristim nudi sve gore navedene usluge","/","/","/","Da, u potpunosti sigurno"
"2020/10/31 11:08:08 AM CET","41-45","M","Da","RBA","Uvid u sve raÄune/kredite/trajne naloge/promet po raÄunu;PlaÄ‡anje reÅ¾ijskih raÄuna","Da, ali treba ga dodatno unaprijediti","Ugovaranje/raskid trajnog naloga;Zahtjev za promjenom dopuÅ¡tenog prekoraÄenja","RaiPay?","Kupovina","Ne znan","Da, ali samo koristeÄ‡i Internet/Mobilno bankarstvo"
"2020/10/31 11:08:21 AM CET","18-25","M","Da","PBZ;Neka druga banka","Uvid u sve raÄune/kredite/trajne naloge/promet po raÄunu;PlaÄ‡anje reÅ¾ijskih raÄuna;Transfer novca na druge raÄune;Kupoprodaja strane valute (MijenjaÄnica);Ulaganje u investicijske fondove","Da u potpunosti","Blokiranje svih kartica na zahtjev (npr. u sluÄaju kraÄ‘e/gubitka) bez odlaska u poslovnicu banke;Ugovaranje/raskid trajnog naloga;Otvaranje novog raÄuna (npr. Å¾iro raÄuna);Ukidanje opunomoÄ‡enika","","Kupovina, transfer novca","","Da, u potpunosti sigurno"
"2020/10/31 11:08:50 AM CET","36-40","M","Da","ZABA;Neka druga banka","Uvid u sve raÄune/kredite/trajne naloge/promet po raÄunu;PlaÄ‡anje reÅ¾ijskih raÄuna;Transfer novca na druge raÄune;Kupoprodaja strane valute (MijenjaÄnica);OroÄavanje sredstava (Å tednja);Ulaganje u investicijske fondove","Da u potpunosti","Zahtjev i ugovaranje nenamjenskih kredita;Dostavu novog PIN-a za debitnu/kreditnu karticu na zahtjev;Blokiranje svih kartica na zahtjev (npr. u sluÄaju kraÄ‘e/gubitka) bez odlaska u poslovnicu banke;Ugovaranje/raskid trajnog naloga;Zahtjev za promjenom dopuÅ¡tenog prekoraÄenja;Virtualnu karticu","Revolut","MjenjaÄnica, Internet bankarstvo","","Da, u potpunosti sigurno"
"2020/10/31 11:11:31 AM CET","36-40","Å½","Da","PBZ;Erste Bank;HPB","Uvid u sve raÄune/kredite/trajne naloge/promet po raÄunu;Transfer novca na druge raÄune","Da u potpunosti","Blokiranje svih kartica na zahtjev (npr. u sluÄaju kraÄ‘e/gubitka) bez odlaska u poslovnicu banke;Otvaranje novog raÄuna (npr. Å¾iro raÄuna);Zahtjev za promjenom dopuÅ¡tenog prekoraÄenja","NiÅ¡ta ","PlaÄ‡anja","Dostupnost i jednostavnost kao prednost, nekad nedovoljna preglednost kao nedostatak","Da, ali samo koristeÄ‡i Internet/Mobilno bankarstvo"
"2020/10/31 11:12:34 AM CET","26-30","Å½","Da","PBZ","Uvid u sve raÄune/kredite/trajne naloge/promet po raÄunu;Transfer novca na druge raÄune","Da u potpunosti","Blokiranje svih kartica na zahtjev (npr. u sluÄaju kraÄ‘e/gubitka) bez odlaska u poslovnicu banke;Zahtjev za promjenom dopuÅ¡tenog prekoraÄenja","","","","Da, u potpunosti sigurno"
"2020/10/31 11:14:20 AM CET","41-45","Å½","Da","PBZ","Uvid u sve raÄune/kredite/trajne naloge/promet po raÄunu;PlaÄ‡anje reÅ¾ijskih raÄuna;Transfer novca na druge raÄune","Da u potpunosti","Dostavu novog PIN-a za debitnu/kreditnu karticu na zahtjev;Blokiranje svih kartica na zahtjev (npr. u sluÄaju kraÄ‘e/gubitka) bez odlaska u poslovnicu banke;Otvaranje novog raÄuna (npr. Å¾iro raÄuna);Zahtjev za promjenom dopuÅ¡tenog prekoraÄenja;Ukidanje opunomoÄ‡enika","NiÅ¡ta","NiÅ¡ta","Ne znam","Ne osjeÄ‡am se sigurno"
"2020/10/31 11:14:22 AM CET","36-40","Å½","Da","Addiko Bank","Uvid u sve raÄune/kredite/trajne naloge/promet po raÄunu;PlaÄ‡anje reÅ¾ijskih raÄuna;Transfer novca na druge raÄune;Kupoprodaja strane valute (MijenjaÄnica);OroÄavanje sredstava (Å tednja);Ugovaranje ostalih proizvoda/usluga","Da, ali treba ga dodatno unaprijediti","Zahtjev i ugovaranje nenamjenskih kredita;Dostavu novog PIN-a za debitnu/kreditnu karticu na zahtjev;Blokiranje svih kartica na zahtjev (npr. u sluÄaju kraÄ‘e/gubitka) bez odlaska u poslovnicu banke;Ugovaranje/raskid trajnog naloga;Otvaranje novog raÄuna (npr. Å¾iro raÄuna);Zahtjev za promjenom dopuÅ¡tenog prekoraÄenja;Ukidanje opunomoÄ‡enika;Virtualnu karticu","Ne koristim","","","Da, ali samo koristeÄ‡i Internet/Mobilno bankarstvo"
"2020/10/31 11:15:54 AM CET","31-35","Å½","Da","Neka druga banka","Uvid u sve raÄune/kredite/trajne naloge/promet po raÄunu;PlaÄ‡anje reÅ¾ijskih raÄuna;Transfer novca na druge raÄune","Da, ali treba ga dodatno unaprijediti","Dostavu novog PIN-a za debitnu/kreditnu karticu na zahtjev;Blokiranje svih kartica na zahtjev (npr. u sluÄaju kraÄ‘e/gubitka) bez odlaska u poslovnicu banke;Screenshot provedenih transakcija","","","","Da, ali samo koristeÄ‡i Internet/Mobilno bankarstvo"
"2020/10/31 11:16:03 AM CET","41-45","M","Da","Neka druga banka","Uvid u sve raÄune/kredite/trajne naloge/promet po raÄunu;Transfer novca na druge raÄune","Da, ali treba ga dodatno unaprijediti","Ugovaranje/raskid trajnog naloga","","","","Da, ali samo koristeÄ‡i Internet/Mobilno bankarstvo"
"2020/10/31 11:16:50 AM CET","36-40","Å½","Da","RBA","Uvid u sve raÄune/kredite/trajne naloge/promet po raÄunu;PlaÄ‡anje reÅ¾ijskih raÄuna;Transfer novca na druge raÄune","Da, ali treba ga dodatno unaprijediti","Dostavu novog PIN-a za debitnu/kreditnu karticu na zahtjev;Blokiranje svih kartica na zahtjev (npr. u sluÄaju kraÄ‘e/gubitka) bez odlaska u poslovnicu banke;Ugovaranje/raskid trajnog naloga;Ukidanje opunomoÄ‡enika;RBA poslovna aplikacija ne nudi download potvrde o isplati a niti privatna niti poslovna ne nudi screenshot ekrana","Nijedan","","","Da, u potpunosti sigurno"
"2020/10/31 11:17:45 AM CET","36-40","Å½","Da","Neka druga banka","Uvid u sve raÄune/kredite/trajne naloge/promet po raÄunu;PlaÄ‡anje reÅ¾ijskih raÄuna;Transfer novca na druge raÄune","Da, ali treba ga dodatno unaprijediti","Blokiranje svih kartica na zahtjev (npr. u sluÄaju kraÄ‘e/gubitka) bez odlaska u poslovnicu banke;Otvaranje novog raÄuna (npr. Å¾iro raÄuna);Virtualnu karticu","Ne koristim","Ne koristim","Ne znam","Da, u potpunosti sigurno"
"2020/10/31 11:17:55 AM CET","41-45","M","Ne","Ne koristim Internet/Mobilno bankarstvo","Ne koristim Internet/Mobilno bankarstvo","Ne koristim Internet/Mobilno bankarstvo","Ne koristim Internet/Mobilno bankarstvo","","","","Ne koristim Internet/Mobilno bankarstvo/FinTech aplikacije"
"2020/10/31 11:18:06 AM CET","36-40","Å½","Da","ZABA","Uvid u sve raÄune/kredite/trajne naloge/promet po raÄunu;PlaÄ‡anje reÅ¾ijskih raÄuna;Transfer novca na druge raÄune","Da, ali treba ga dodatno unaprijediti","Zahtjev i ugovaranje nenamjenskih kredita;Blokiranje svih kartica na zahtjev (npr. u sluÄaju kraÄ‘e/gubitka) bez odlaska u poslovnicu banke;Zahtjev za promjenom dopuÅ¡tenog prekoraÄenja;Ukidanje opunomoÄ‡enika","","","","Da, u potpunosti sigurno"
"2020/10/31 11:19:02 AM CET","36-40","Å½","Da","Addiko Bank","Uvid u sve raÄune/kredite/trajne naloge/promet po raÄunu;PlaÄ‡anje reÅ¾ijskih raÄuna;Transfer novca na druge raÄune;OroÄavanje sredstava (Å tednja)","Da u potpunosti","Ugovaranje/raskid trajnog naloga;Zahtjev za promjenom dopuÅ¡tenog prekoraÄenja","","","","Da, u potpunosti sigurno"
"2020/10/31 11:20:20 AM CET","46-50","M","Da","Erste Bank","Uvid u sve raÄune/kredite/trajne naloge/promet po raÄunu;PlaÄ‡anje reÅ¾ijskih raÄuna;Transfer novca na druge raÄune","Da u potpunosti","","","Kupovina","","Da, u potpunosti sigurno"
"2020/10/31 11:22:19 AM CET","18-25","Å½","Da","ZABA","Uvid u sve raÄune/kredite/trajne naloge/promet po raÄunu","Da, ali treba ga dodatno unaprijediti","Internet/Mobilno bankarstvo koje koristim nudi sve gore navedene usluge","Revolut","Transfer","","Da, u potpunosti sigurno"
"2020/10/31 11:24:47 AM CET","36-40","Å½","Da","PBZ","Uvid u sve raÄune/kredite/trajne naloge/promet po raÄunu;PlaÄ‡anje reÅ¾ijskih raÄuna;Transfer novca na druge raÄune;OroÄavanje sredstava (Å tednja)","Da u potpunosti","Dostavu novog PIN-a za debitnu/kreditnu karticu na zahtjev","Ne koristim","Ne","Ne","Da, u potpunosti sigurno"
"2020/10/31 11:31:02 AM CET","41-45","Å½","Da","Erste Bank","Uvid u sve raÄune/kredite/trajne naloge/promet po raÄunu;PlaÄ‡anje reÅ¾ijskih raÄuna;Transfer novca na druge raÄune;OroÄavanje sredstava (Å tednja);Zahtjev za nenamjenski kredit","Da u potpunosti","Otvaranje novog raÄuna (npr. Å¾iro raÄuna)","Revolut","kupovina, mjenjaÄnica, transfer novca","","Da, u potpunosti sigurno"
"2020/10/31 11:35:36 AM CET","41-45","Å½","Da","Addiko Bank","Uvid u sve raÄune/kredite/trajne naloge/promet po raÄunu;PlaÄ‡anje reÅ¾ijskih raÄuna;Transfer novca na druge raÄune","Da u potpunosti","Dostavu novog PIN-a za debitnu/kreditnu karticu na zahtjev;Blokiranje svih kartica na zahtjev (npr. u sluÄaju kraÄ‘e/gubitka) bez odlaska u poslovnicu banke;Ugovaranje/raskid trajnog naloga;Otvaranje novog raÄuna (npr. Å¾iro raÄuna);Zahtjev za promjenom dopuÅ¡tenog prekoraÄenja;Ukidanje opunomoÄ‡enika","N/A","N/A","N/A","Da, ali samo koristeÄ‡i Internet/Mobilno bankarstvo"
"2020/10/31 11:36:39 AM CET","36-40","Å½","Da","ZABA;PBZ","Uvid u sve raÄune/kredite/trajne naloge/promet po raÄunu;PlaÄ‡anje reÅ¾ijskih raÄuna;Transfer novca na druge raÄune","Da, ali treba ga dodatno unaprijediti","Dostavu novog PIN-a za debitnu/kreditnu karticu na zahtjev;Blokiranje svih kartica na zahtjev (npr. u sluÄaju kraÄ‘e/gubitka) bez odlaska u poslovnicu banke;Ugovaranje/raskid trajnog naloga;Zahtjev za promjenom dopuÅ¡tenog prekoraÄenja;Virtualnu karticu","Revolut","Transfer novaca i podizanje novca na bankomatima","Prednost je Å¡to se ne plaÄ‡a provizija","Da, u potpunosti sigurno"
"2020/10/31 11:37:20 AM CET","41-45","Å½","Da","ZABA","PlaÄ‡anje reÅ¾ijskih raÄuna;Transfer novca na druge raÄune","Da u potpunosti","Zahtjev za promjenom dopuÅ¡tenog prekoraÄenja;Ukidanje opunomoÄ‡enika","","","","Ne koristim Internet/Mobilno bankarstvo/FinTech aplikacije"
"2020/10/31 11:41:32 AM CET","46-50","Å½","Da","ZABA","Uvid u sve raÄune/kredite/trajne naloge/promet po raÄunu;PlaÄ‡anje reÅ¾ijskih raÄuna","Da u potpunosti","Zahtjev i ugovaranje nenamjenskih kredita","","","","Da, ali samo koristeÄ‡i Internet/Mobilno bankarstvo"
"2020/10/31 11:45:40 AM CET","36-40","Å½","Ne","Ne koristim Internet/Mobilno bankarstvo","Ne koristim Internet/Mobilno bankarstvo","Ne koristim Internet/Mobilno bankarstvo","Ne koristim Internet/Mobilno bankarstvo","-","-","-","Ne koristim Internet/Mobilno bankarstvo/FinTech aplikacije"
"2020/10/31 11:48:49 AM CET","36-40","Å½","Da","PBZ","Uvid u sve raÄune/kredite/trajne naloge/promet po raÄunu;PlaÄ‡anje reÅ¾ijskih raÄuna;Transfer novca na druge raÄune;OroÄavanje sredstava (Å tednja)","Da u potpunosti","","Revolut","Kupovina","Sve supee","Ne osjeÄ‡am se sigurno"
"2020/10/31 11:49:25 AM CET","36-40","Å½","Da","PBZ","Uvid u sve raÄune/kredite/trajne naloge/promet po raÄunu;PlaÄ‡anje reÅ¾ijskih raÄuna;Transfer novca na druge raÄune","Da u potpunosti","Blokiranje svih kartica na zahtjev (npr. u sluÄaju kraÄ‘e/gubitka) bez odlaska u poslovnicu banke;Zahtjev za promjenom dopuÅ¡tenog prekoraÄenja","Revolut, Keks","Online kupovina, transfer novca ","Prednost je jednostavnost i brzina, nedostatak jos nisam otkrila.","Da, u potpunosti sigurno"
"2020/10/31 11:50:39 AM CET","36-40","Å½","Da","RBA","Uvid u sve raÄune/kredite/trajne naloge/promet po raÄunu;PlaÄ‡anje reÅ¾ijskih raÄuna","Da u potpunosti","Blokiranje svih kartica na zahtjev (npr. u sluÄaju kraÄ‘e/gubitka) bez odlaska u poslovnicu banke","","","","Da, ali samo koristeÄ‡i Internet/Mobilno bankarstvo"
"2020/10/31 11:51:15 AM CET","36-40","Å½","Da","PBZ","Uvid u sve raÄune/kredite/trajne naloge/promet po raÄunu;PlaÄ‡anje reÅ¾ijskih raÄuna;Transfer novca na druge raÄune","Da u potpunosti","Blokiranje svih kartica na zahtjev (npr. u sluÄaju kraÄ‘e/gubitka) bez odlaska u poslovnicu banke;Zahtjev za promjenom dopuÅ¡tenog prekoraÄenja","Nista","Nista","Neznam","Da, u potpunosti sigurno"
"2020/10/31 11:59:48 AM CET","26-30","Å½","Da","ZABA","Uvid u sve raÄune/kredite/trajne naloge/promet po raÄunu;Transfer novca na druge raÄune","Da u potpunosti","Dostavu novog PIN-a za debitnu/kreditnu karticu na zahtjev;Blokiranje svih kartica na zahtjev (npr. u sluÄaju kraÄ‘e/gubitka) bez odlaska u poslovnicu banke;Ugovaranje/raskid trajnog naloga","","","","Da, ali samo koristeÄ‡i Internet/Mobilno bankarstvo"
"2020/10/31 12:04:53 PM CET","36-40","Å½","Da","PBZ;RBA","Uvid u sve raÄune/kredite/trajne naloge/promet po raÄunu;PlaÄ‡anje reÅ¾ijskih raÄuna;Transfer novca na druge raÄune","Da u potpunosti","Zahtjev i ugovaranje nenamjenskih kredita;Dostavu novog PIN-a za debitnu/kreditnu karticu na zahtjev;Blokiranje svih kartica na zahtjev (npr. u sluÄaju kraÄ‘e/gubitka) bez odlaska u poslovnicu banke;Zahtjev za promjenom dopuÅ¡tenog prekoraÄenja","","","","Da, ali samo koristeÄ‡i Internet/Mobilno bankarstvo"
"2020/10/31 12:26:35 PM CET","36-40","M","Da","ZABA;PBZ;Erste Bank;RBA;Addiko Bank","PlaÄ‡anje reÅ¾ijskih raÄuna;Transfer novca na druge raÄune;Kupoprodaja strane valute (MijenjaÄnica)","Da u potpunosti","Zahtjev i ugovaranje nenamjenskih kredita","","","",""
"2020/10/31 12:35:23 PM CET","31-35","Å½","Da","PBZ","Uvid u sve raÄune/kredite/trajne naloge/promet po raÄunu;PlaÄ‡anje reÅ¾ijskih raÄuna;OroÄavanje sredstava (Å tednja)","Da, ali treba ga dodatno unaprijediti","Blokiranje svih kartica na zahtjev (npr. u sluÄaju kraÄ‘e/gubitka) bez odlaska u poslovnicu banke;Ugovaranje/raskid trajnog naloga","Ne","Ne","Ne znam","Da, u potpunosti sigurno"
"2020/10/31 12:45:09 PM CET","36-40","M","Da","Addiko Bank","Uvid u sve raÄune/kredite/trajne naloge/promet po raÄunu;PlaÄ‡anje reÅ¾ijskih raÄuna","Da u potpunosti;Da, ali treba ga dodatno unaprijediti","Dostavu novog PIN-a za debitnu/kreditnu karticu na zahtjev;Blokiranje svih kartica na zahtjev (npr. u sluÄaju kraÄ‘e/gubitka) bez odlaska u poslovnicu banke;Ugovaranje/raskid trajnog naloga;Otvaranje novog raÄuna (npr. Å¾iro raÄuna)","-","-","-","Da, ali samo koristeÄ‡i Internet/Mobilno bankarstvo"
"2020/10/31 12:52:53 PM CET","36-40","Å½","Da","Erste Bank","Uvid u sve raÄune/kredite/trajne naloge/promet po raÄunu;PlaÄ‡anje reÅ¾ijskih raÄuna;Transfer novca na druge raÄune","Da u potpunosti","Dostavu novog PIN-a za debitnu/kreditnu karticu na zahtjev;Blokiranje svih kartica na zahtjev (npr. u sluÄaju kraÄ‘e/gubitka) bez odlaska u poslovnicu banke","","","","Da, u potpunosti sigurno"
"2020/10/31 12:55:25 PM CET","26-30","Å½","Da","ZABA;PBZ","Uvid u sve raÄune/kredite/trajne naloge/promet po raÄunu;PlaÄ‡anje reÅ¾ijskih raÄuna;Transfer novca na druge raÄune;OroÄavanje sredstava (Å tednja)","Da, ali treba ga dodatno unaprijediti","Dostavu novog PIN-a za debitnu/kreditnu karticu na zahtjev;Blokiranje svih kartica na zahtjev (npr. u sluÄaju kraÄ‘e/gubitka) bez odlaska u poslovnicu banke;Ugovaranje/raskid trajnog naloga;Otvaranje novog raÄuna (npr. Å¾iro raÄuna);Zahtjev za promjenom dopuÅ¡tenog prekoraÄenja;Ukidanje opunomoÄ‡enika;Virtualnu karticu","Ne koristim.","Transfer novca, kupovina.","Prednosti su Å¡tednja vremena, brzina, nedostataka nema.","Da, u potpunosti sigurno"
"2020/10/31 1:02:36 PM CET","36-40","Å½","Da","Addiko Bank","Uvid u sve raÄune/kredite/trajne naloge/promet po raÄunu;PlaÄ‡anje reÅ¾ijskih raÄuna;Transfer novca na druge raÄune","Da, ali treba ga dodatno unaprijediti","Dostavu novog PIN-a za debitnu/kreditnu karticu na zahtjev;Blokiranje svih kartica na zahtjev (npr. u sluÄaju kraÄ‘e/gubitka) bez odlaska u poslovnicu banke","","","","Da, ali samo koristeÄ‡i Internet/Mobilno bankarstvo"
"2020/10/31 1:03:35 PM CET","36-40","Å½","Da","Addiko Bank","Uvid u sve raÄune/kredite/trajne naloge/promet po raÄunu;PlaÄ‡anje reÅ¾ijskih raÄuna;Transfer novca na druge raÄune;OroÄavanje sredstava (Å tednja)","Da u potpunosti","Dostavu novog PIN-a za debitnu/kreditnu karticu na zahtjev;Blokiranje svih kartica na zahtjev (npr. u sluÄaju kraÄ‘e/gubitka) bez odlaska u poslovnicu banke;Ugovaranje/raskid trajnog naloga;Otvaranje novog raÄuna (npr. Å¾iro raÄuna);Ukidanje opunomoÄ‡enika;Virtualnu karticu","","","","Da, ali samo koristeÄ‡i Internet/Mobilno bankarstvo"
"2020/10/31 1:04:43 PM CET","46-50","Å½","Da","Addiko Bank","Uvid u sve raÄune/kredite/trajne naloge/promet po raÄunu;PlaÄ‡anje reÅ¾ijskih raÄuna;Transfer novca na druge raÄune;Kupoprodaja strane valute (MijenjaÄnica);OroÄavanje sredstava (Å tednja);Ulaganje u investicijske fondove","Da u potpunosti","Dostavu novog PIN-a za debitnu/kreditnu karticu na zahtjev;Blokiranje svih kartica na zahtjev (npr. u sluÄaju kraÄ‘e/gubitka) bez odlaska u poslovnicu banke","","","","Da, ali samo koristeÄ‡i Internet/Mobilno bankarstvo"
"2020/10/31 1:05:47 PM CET","26-30","Å½","Da","ZABA","Uvid u sve raÄune/kredite/trajne naloge/promet po raÄunu;PlaÄ‡anje reÅ¾ijskih raÄuna;Transfer novca na druge raÄune","Da u potpunosti","Dostavu novog PIN-a za debitnu/kreditnu karticu na zahtjev;Blokiranje svih kartica na zahtjev (npr. u sluÄaju kraÄ‘e/gubitka) bez odlaska u poslovnicu banke;Ugovaranje/raskid trajnog naloga;Otvaranje novog raÄuna (npr. Å¾iro raÄuna)","KeksPay","Transfer","upitna sigurnot","Da, ali samo koristeÄ‡i Internet/Mobilno bankarstvo"
"2020/10/31 1:06:12 PM CET","41-45","Å½","Da","PBZ","Uvid u sve raÄune/kredite/trajne naloge/promet po raÄunu;PlaÄ‡anje reÅ¾ijskih raÄuna;Transfer novca na druge raÄune;Kupoprodaja strane valute (MijenjaÄnica)","Da, ali treba ga dodatno unaprijediti","Blokiranje svih kartica na zahtjev (npr. u sluÄaju kraÄ‘e/gubitka) bez odlaska u poslovnicu banke;Ugovaranje/raskid trajnog naloga;Zahtjev za promjenom dopuÅ¡tenog prekoraÄenja","Revolut","Kupovina, transfer novca","Novci odmah sjednu na racun, nema konverzija valute prilikom kupovine","Da, ali samo koristeÄ‡i Internet/Mobilno bankarstvo"
"2020/10/31 1:11:54 PM CET","41-45","Å½","Da","PBZ","Uvid u sve raÄune/kredite/trajne naloge/promet po raÄunu;PlaÄ‡anje reÅ¾ijskih raÄuna;Transfer novca na druge raÄune","Da, ali treba ga dodatno unaprijediti","Blokiranje svih kartica na zahtjev (npr. u sluÄaju kraÄ‘e/gubitka) bez odlaska u poslovnicu banke;Zahtjev za promjenom dopuÅ¡tenog prekoraÄenja;Ukidanje opunomoÄ‡enika","/","/","/","Ne koristim Internet/Mobilno bankarstvo/FinTech aplikacije"
"2020/10/31 1:15:10 PM CET","41-45","M","Da","ZABA","Uvid u sve raÄune/kredite/trajne naloge/promet po raÄunu;Transfer novca na druge raÄune","Da, ali treba ga dodatno unaprijediti","Blokiranje svih kartica na zahtjev (npr. u sluÄaju kraÄ‘e/gubitka) bez odlaska u poslovnicu banke;Ugovaranje/raskid trajnog naloga;Otvaranje novog raÄuna (npr. Å¾iro raÄuna);Virtualnu karticu","Npr. Revolut","Kupnja","DÅ¾abe // bot za support","Da, ali samo koristeÄ‡i Internet/Mobilno bankarstvo"
"2020/10/31 1:16:22 PM CET","41-45","Å½","Da","RBA","Uvid u sve raÄune/kredite/trajne naloge/promet po raÄunu;PlaÄ‡anje reÅ¾ijskih raÄuna;Transfer novca na druge raÄune","Da u potpunosti","Zahtjev za promjenom dopuÅ¡tenog prekoraÄenja","","Kupovina","","Da, ali samo koristeÄ‡i Internet/Mobilno bankarstvo"
"2020/10/31 1:22:11 PM CET","46-50","M","Da","ZABA;RBA","Uvid u sve raÄune/kredite/trajne naloge/promet po raÄunu;Transfer novca na druge raÄune","Da u potpunosti","Dostavu novog PIN-a za debitnu/kreditnu karticu na zahtjev;Blokiranje svih kartica na zahtjev (npr. u sluÄaju kraÄ‘e/gubitka) bez odlaska u poslovnicu banke;Ugovaranje/raskid trajnog naloga;Otvaranje novog raÄuna (npr. Å¾iro raÄuna);Zahtjev za promjenom dopuÅ¡tenog prekoraÄenja","Ne koristim","Ne koristim","","Da, ali samo koristeÄ‡i Internet/Mobilno bankarstvo"
"2020/10/31 1:33:30 PM CET","31-35","M","Da","Addiko Bank;Neka druga banka","Uvid u sve raÄune/kredite/trajne naloge/promet po raÄunu;PlaÄ‡anje reÅ¾ijskih raÄuna","Da u potpunosti","","","","","Da, u potpunosti sigurno"
"2020/10/31 1:37:10 PM CET","36-40","M","Da","Addiko Bank","Uvid u sve raÄune/kredite/trajne naloge/promet po raÄunu;PlaÄ‡anje reÅ¾ijskih raÄuna;Transfer novca na druge raÄune","Da u potpunosti","Blokiranje svih kartica na zahtjev (npr. u sluÄaju kraÄ‘e/gubitka) bez odlaska u poslovnicu banke;Ugovaranje/raskid trajnog naloga;Virtualnu karticu","Revolut","kupovina","","Da, u potpunosti sigurno"
"2020/10/31 1:38:17 PM CET","46-50","Å½","Da","Neka druga banka","Uvid u sve raÄune/kredite/trajne naloge/promet po raÄunu;PlaÄ‡anje reÅ¾ijskih raÄuna;Transfer novca na druge raÄune","Da, ali treba ga dodatno unaprijediti","Dostavu novog PIN-a za debitnu/kreditnu karticu na zahtjev;Blokiranje svih kartica na zahtjev (npr. u sluÄaju kraÄ‘e/gubitka) bez odlaska u poslovnicu banke;Ugovaranje/raskid trajnog naloga;Otvaranje novog raÄuna (npr. Å¾iro raÄuna)","","","","Da, ali samo koristeÄ‡i Internet/Mobilno bankarstvo"
"2020/10/31 1:42:49 PM CET","31-35","Å½","Da","ZABA","Uvid u sve raÄune/kredite/trajne naloge/promet po raÄunu;PlaÄ‡anje reÅ¾ijskih raÄuna;Transfer novca na druge raÄune","Da u potpunosti","Dostavu novog PIN-a za debitnu/kreditnu karticu na zahtjev;Blokiranje svih kartica na zahtjev (npr. u sluÄaju kraÄ‘e/gubitka) bez odlaska u poslovnicu banke;Ugovaranje/raskid trajnog naloga;Otvaranje novog raÄuna (npr. Å¾iro raÄuna);Zahtjev za promjenom dopuÅ¡tenog prekoraÄenja;Ukidanje opunomoÄ‡enika","Izipay","Transfer novca","","Da, u potpunosti sigurno"
"2020/10/31 1:45:26 PM CET","36-40","Å½","Da","PBZ","Uvid u sve raÄune/kredite/trajne naloge/promet po raÄunu;PlaÄ‡anje reÅ¾ijskih raÄuna;Transfer novca na druge raÄune;OroÄavanje sredstava (Å tednja)","Da u potpunosti","Zahtjev i ugovaranje nenamjenskih kredita;Dostavu novog PIN-a za debitnu/kreditnu karticu na zahtjev;Ugovaranje/raskid trajnog naloga;Zahtjev za promjenom dopuÅ¡tenog prekoraÄenja","Keks pay","Tranfer novca","Prednost brzina, nema nedostataka","Da, u potpunosti sigurno"
"2020/10/31 1:46:02 PM CET","36-40","Å½","Da","ZABA;Addiko Bank","Uvid u sve raÄune/kredite/trajne naloge/promet po raÄunu;PlaÄ‡anje reÅ¾ijskih raÄuna;Transfer novca na druge raÄune;Kupoprodaja strane valute (MijenjaÄnica)","Da u potpunosti","Zahtjev i ugovaranje nenamjenskih kredita;Dostavu novog PIN-a za debitnu/kreditnu karticu na zahtjev;Zahtjev za promjenom dopuÅ¡tenog prekoraÄenja","Ne koristim","Ne koristim ","-","Da, ali samo koristeÄ‡i Internet/Mobilno bankarstvo"
"2020/10/31 1:49:21 PM CET","31-35","Å½","Da","HPB","Uvid u sve raÄune/kredite/trajne naloge/promet po raÄunu;PlaÄ‡anje reÅ¾ijskih raÄuna","Da u potpunosti","Dostavu novog PIN-a za debitnu/kreditnu karticu na zahtjev","","","","Da, u potpunosti sigurno"
"2020/10/31 1:50:28 PM CET","26-30","Å½","Da","ZABA","Uvid u sve raÄune/kredite/trajne naloge/promet po raÄunu;PlaÄ‡anje reÅ¾ijskih raÄuna;Transfer novca na druge raÄune","Da, ali treba ga dodatno unaprijediti","Dostavu novog PIN-a za debitnu/kreditnu karticu na zahtjev;Blokiranje svih kartica na zahtjev (npr. u sluÄaju kraÄ‘e/gubitka) bez odlaska u poslovnicu banke","","","","Da, ali samo koristeÄ‡i Internet/Mobilno bankarstvo"
"2020/10/31 1:52:04 PM CET","41-45","Å½","Da","RBA","Uvid u sve raÄune/kredite/trajne naloge/promet po raÄunu;PlaÄ‡anje reÅ¾ijskih raÄuna","Da, ali treba ga dodatno unaprijediti","Dostavu novog PIN-a za debitnu/kreditnu karticu na zahtjev","","","","Da, ali samo koristeÄ‡i Internet/Mobilno bankarstvo"
"2020/10/31 1:53:37 PM CET","41-45","Å½","Da","Neka druga banka","Uvid u sve raÄune/kredite/trajne naloge/promet po raÄunu;PlaÄ‡anje reÅ¾ijskih raÄuna;Transfer novca na druge raÄune","Da, ali treba ga dodatno unaprijediti","Blokiranje svih kartica na zahtjev (npr. u sluÄaju kraÄ‘e/gubitka) bez odlaska u poslovnicu banke;Ugovaranje/raskid trajnog naloga;Otvaranje novog raÄuna (npr. Å¾iro raÄuna);Ukidanje opunomoÄ‡enika","Revolut","MjenjaÄnica, transfer ","OdliÄan teÄaj","Da, u potpunosti sigurno"
"2020/10/31 2:04:18 PM CET","preko 60","Å½","Ne","Ne koristim Internet/Mobilno bankarstvo","Ne koristim Internet/Mobilno bankarstvo","Ne koristim Internet/Mobilno bankarstvo","Ne koristim Internet/Mobilno bankarstvo","","","","Ne koristim Internet/Mobilno bankarstvo/FinTech aplikacije"
"2020/10/31 2:04:50 PM CET","56-60","Å½","Da","Addiko Bank","Uvid u sve raÄune/kredite/trajne naloge/promet po raÄunu;PlaÄ‡anje reÅ¾ijskih raÄuna;Transfer novca na druge raÄune;Kupoprodaja strane valute (MijenjaÄnica)","Da, ali treba ga dodatno unaprijediti","Ugovaranje/raskid trajnog naloga;Zahtjev za promjenom dopuÅ¡tenog prekoraÄenja;Ukidanje opunomoÄ‡enika","Revolut","MjenjaÄnica","Nema","Da, ali samo koristeÄ‡i Internet/Mobilno bankarstvo"
"2020/10/31 2:04:55 PM CET","46-50","Å½","Da","Addiko Bank","Uvid u sve raÄune/kredite/trajne naloge/promet po raÄunu","Da u potpunosti","Dostavu novog PIN-a za debitnu/kreditnu karticu na zahtjev;Zahtjev za promjenom dopuÅ¡tenog prekoraÄenja;Ukidanje opunomoÄ‡enika","","","","Da, u potpunosti sigurno"
"2020/10/31 2:10:38 PM CET","41-45","Å½","Da","PBZ","Uvid u sve raÄune/kredite/trajne naloge/promet po raÄunu;PlaÄ‡anje reÅ¾ijskih raÄuna;Transfer novca na druge raÄune;Ulaganje u investicijske fondove","Da u potpunosti","Dostavu novog PIN-a za debitnu/kreditnu karticu na zahtjev","","Transfer novca","Sve se brzo zavrsi","Da, u potpunosti sigurno"
"2020/10/31 2:13:58 PM CET","18-25","Å½","Da","ZABA;Erste Bank","Uvid u sve raÄune/kredite/trajne naloge/promet po raÄunu;PlaÄ‡anje reÅ¾ijskih raÄuna;Transfer novca na druge raÄune;Ulaganje u investicijske fondove","Da u potpunosti","Zahtjev i ugovaranje nenamjenskih kredita;Dostavu novog PIN-a za debitnu/kreditnu karticu na zahtjev;Blokiranje svih kartica na zahtjev (npr. u sluÄaju kraÄ‘e/gubitka) bez odlaska u poslovnicu banke;Ugovaranje/raskid trajnog naloga;Otvaranje novog raÄuna (npr. Å¾iro raÄuna);Zahtjev za promjenom dopuÅ¡tenog prekoraÄenja;Ukidanje opunomoÄ‡enika;Virtualnu karticu","-","-","-","Da, ali samo koristeÄ‡i Internet/Mobilno bankarstvo"
"2020/10/31 2:17:22 PM CET","46-50","Å½","Da","Addiko Bank","Uvid u sve raÄune/kredite/trajne naloge/promet po raÄunu;PlaÄ‡anje reÅ¾ijskih raÄuna","Da u potpunosti","Zahtjev i ugovaranje nenamjenskih kredita;Dostavu novog PIN-a za debitnu/kreditnu karticu na zahtjev;Blokiranje svih kartica na zahtjev (npr. u sluÄaju kraÄ‘e/gubitka) bez odlaska u poslovnicu banke;Ugovaranje/raskid trajnog naloga;Otvaranje novog raÄuna (npr. Å¾iro raÄuna);Zahtjev za promjenom dopuÅ¡tenog prekoraÄenja;Ukidanje opunomoÄ‡enika;Virtualnu karticu","-","","-","Da, u potpunosti sigurno"
"2020/10/31 2:26:37 PM CET","31-35","M","Da","PBZ","Uvid u sve raÄune/kredite/trajne naloge/promet po raÄunu;PlaÄ‡anje reÅ¾ijskih raÄuna;Transfer novca na druge raÄune;Zahtjev za nenamjenski kredit","Da, ali treba ga dodatno unaprijediti","Ugovaranje/raskid trajnog naloga;Zahtjev za promjenom dopuÅ¡tenog prekoraÄenja;Virtualnu karticu","","","","Da, ali samo koristeÄ‡i Internet/Mobilno bankarstvo"
"2020/10/31 2:42:40 PM CET","41-45","M","Da","Neka druga banka","Uvid u sve raÄune/kredite/trajne naloge/promet po raÄunu;PlaÄ‡anje reÅ¾ijskih raÄuna;Transfer novca na druge raÄune","Da u potpunosti","Zahtjev i ugovaranje nenamjenskih kredita;Zahtjev za promjenom dopuÅ¡tenog prekoraÄenja;Ukidanje opunomoÄ‡enika","","","","Da, u potpunosti sigurno"
"2020/10/31 2:46:21 PM CET","41-45","Å½","Da","PBZ","Uvid u sve raÄune/kredite/trajne naloge/promet po raÄunu;PlaÄ‡anje reÅ¾ijskih raÄuna","Da u potpunosti","Zahtjev i ugovaranje nenamjenskih kredita;Blokiranje svih kartica na zahtjev (npr. u sluÄaju kraÄ‘e/gubitka) bez odlaska u poslovnicu banke;Ugovaranje/raskid trajnog naloga","","","","Da, ali samo koristeÄ‡i Internet/Mobilno bankarstvo"
"2020/10/31 2:49:51 PM CET","31-35","Å½","Da","ZABA;PBZ","Uvid u sve raÄune/kredite/trajne naloge/promet po raÄunu;PlaÄ‡anje reÅ¾ijskih raÄuna","Da, ali treba ga dodatno unaprijediti","Blokiranje svih kartica na zahtjev (npr. u sluÄaju kraÄ‘e/gubitka) bez odlaska u poslovnicu banke;Ugovaranje/raskid trajnog naloga;Ukidanje opunomoÄ‡enika","","Online kupovina, placanje racuna","","Da, u potpunosti sigurno"
"2020/10/31 2:56:05 PM CET","41-45","Å½","Da","RBA","Uvid u sve raÄune/kredite/trajne naloge/promet po raÄunu;Transfer novca na druge raÄune;Kupoprodaja strane valute (MijenjaÄnica)","Da u potpunosti","Blokiranje svih kartica na zahtjev (npr. u sluÄaju kraÄ‘e/gubitka) bez odlaska u poslovnicu banke;Ugovaranje/raskid trajnog naloga","","","","Da, ali samo koristeÄ‡i Internet/Mobilno bankarstvo"
"2020/10/31 3:13:48 PM CET","41-45","Å½","Da","ZABA","Uvid u sve raÄune/kredite/trajne naloge/promet po raÄunu;PlaÄ‡anje reÅ¾ijskih raÄuna;Transfer novca na druge raÄune","Da u potpunosti","Blokiranje svih kartica na zahtjev (npr. u sluÄaju kraÄ‘e/gubitka) bez odlaska u poslovnicu banke;Ugovaranje/raskid trajnog naloga;Virtualnu karticu","","","","Da, ali samo koristeÄ‡i Internet/Mobilno bankarstvo"
"2020/10/31 3:16:20 PM CET","26-30","Å½","Da","Erste Bank","Uvid u sve raÄune/kredite/trajne naloge/promet po raÄunu;PlaÄ‡anje reÅ¾ijskih raÄuna;Transfer novca na druge raÄune","Da u potpunosti","Blokiranje svih kartica na zahtjev (npr. u sluÄaju kraÄ‘e/gubitka) bez odlaska u poslovnicu banke;Ugovaranje/raskid trajnog naloga","","","","Da, u potpunosti sigurno"
"2020/10/31 3:47:19 PM CET","36-40","Å½","Da","ZABA;Neka druga banka","Uvid u sve raÄune/kredite/trajne naloge/promet po raÄunu;PlaÄ‡anje reÅ¾ijskih raÄuna;Transfer novca na druge raÄune;Kupoprodaja strane valute (MijenjaÄnica)","Da u potpunosti","Blokiranje svih kartica na zahtjev (npr. u sluÄaju kraÄ‘e/gubitka) bez odlaska u poslovnicu banke;Otvaranje novog raÄuna (npr. Å¾iro raÄuna);Zahtjev za promjenom dopuÅ¡tenog prekoraÄenja","Ne koristim","-","-","Da, u potpunosti sigurno"
"2020/10/31 3:48:48 PM CET","36-40","Å½","Da","RBA","Uvid u sve raÄune/kredite/trajne naloge/promet po raÄunu;PlaÄ‡anje reÅ¾ijskih raÄuna;Transfer novca na druge raÄune;OroÄavanje sredstava (Å tednja);Ulaganje u investicijske fondove","Da u potpunosti","","","","","Da, ali samo koristeÄ‡i Internet/Mobilno bankarstvo"
"2020/10/31 3:59:52 PM CET","31-35","Å½","Da","Neka druga banka","Uvid u sve raÄune/kredite/trajne naloge/promet po raÄunu;PlaÄ‡anje reÅ¾ijskih raÄuna;Transfer novca na druge raÄune","Da, ali treba ga dodatno unaprijediti","Blokiranje svih kartica na zahtjev (npr. u sluÄaju kraÄ‘e/gubitka) bez odlaska u poslovnicu banke;Ugovaranje/raskid trajnog naloga","Nitijedan","Nista","Ne znam","Da, u potpunosti sigurno"
"2020/10/31 4:06:20 PM CET","36-40","Å½","Da","PBZ","Uvid u sve raÄune/kredite/trajne naloge/promet po raÄunu;PlaÄ‡anje reÅ¾ijskih raÄuna;Transfer novca na druge raÄune;OroÄavanje sredstava (Å tednja)","Da u potpunosti","Dostavu novog PIN-a za debitnu/kreditnu karticu na zahtjev;Blokiranje svih kartica na zahtjev (npr. u sluÄaju kraÄ‘e/gubitka) bez odlaska u poslovnicu banke;Ugovaranje/raskid trajnog naloga","","","","Da, u potpunosti sigurno"
"2020/10/31 4:17:18 PM CET","preko 60","M","Ne","Ne koristim Internet/Mobilno bankarstvo","Ne koristim Internet/Mobilno bankarstvo","Ne koristim Internet/Mobilno bankarstvo","Ne koristim Internet/Mobilno bankarstvo","","","","Ne koristim Internet/Mobilno bankarstvo/FinTech aplikacije"
"2020/10/31 4:27:07 PM CET","36-40","Å½","Da","ZABA","Uvid u sve raÄune/kredite/trajne naloge/promet po raÄunu;PlaÄ‡anje reÅ¾ijskih raÄuna;Transfer novca na druge raÄune","Da u potpunosti","Zahtjev i ugovaranje nenamjenskih kredita;Ugovaranje/raskid trajnog naloga;Zahtjev za promjenom dopuÅ¡tenog prekoraÄenja","","","","Da, ali samo koristeÄ‡i Internet/Mobilno bankarstvo"
"2020/10/31 4:38:50 PM CET","36-40","M","Ne","Ne koristim Internet/Mobilno bankarstvo","Ne koristim Internet/Mobilno bankarstvo","Ne koristim Internet/Mobilno bankarstvo","Ne koristim Internet/Mobilno bankarstvo","","","","Ne koristim Internet/Mobilno bankarstvo/FinTech aplikacije"
"2020/10/31 4:42:19 PM CET","41-45","Å½","Da","ZABA","PlaÄ‡anje reÅ¾ijskih raÄuna;Transfer novca na druge raÄune","Da u potpunosti","Dostavu novog PIN-a za debitnu/kreditnu karticu na zahtjev","Revolut","Transfer, mijenjacnica","Zadovoljna","Da, u potpunosti sigurno"
"2020/10/31 5:06:06 PM CET","51-55","Å½","Da","Addiko Bank","PlaÄ‡anje reÅ¾ijskih raÄuna;Transfer novca na druge raÄune;OroÄavanje sredstava (Å tednja)","Da, ali treba ga dodatno unaprijediti","Ugovaranje/raskid trajnog naloga","","","","Da, ali samo koristeÄ‡i Internet/Mobilno bankarstvo"
"2020/10/31 5:09:39 PM CET","41-45","M","Ne","Ne koristim Internet/Mobilno bankarstvo","Ne koristim Internet/Mobilno bankarstvo","Ne koristim Internet/Mobilno bankarstvo","Ne koristim Internet/Mobilno bankarstvo","Ne koristim","Ne koristim","Ne znam","Ne koristim Internet/Mobilno bankarstvo/FinTech aplikacije"
"2020/10/31 5:27:14 PM CET","36-40","Å½","Da","ZABA","Uvid u sve raÄune/kredite/trajne naloge/promet po raÄunu;PlaÄ‡anje reÅ¾ijskih raÄuna","Da u potpunosti","Blokiranje svih kartica na zahtjev (npr. u sluÄaju kraÄ‘e/gubitka) bez odlaska u poslovnicu banke","","","","Da, ali samo koristeÄ‡i Internet/Mobilno bankarstvo"
"2020/10/31 5:58:46 PM CET","46-50","M","Da","ZABA","Uvid u sve raÄune/kredite/trajne naloge/promet po raÄunu;PlaÄ‡anje reÅ¾ijskih raÄuna","Da u potpunosti","Dostavu novog PIN-a za debitnu/kreditnu karticu na zahtjev;Zahtjev za promjenom dopuÅ¡tenog prekoraÄenja;Virtualnu karticu","... ",".... ",".... ","Da, u potpunosti sigurno"
"2020/10/31 6:05:13 PM CET","36-40","Å½","Da","ZABA","Uvid u sve raÄune/kredite/trajne naloge/promet po raÄunu;PlaÄ‡anje reÅ¾ijskih raÄuna","Da, ali treba ga dodatno unaprijediti","Blokiranje svih kartica na zahtjev (npr. u sluÄaju kraÄ‘e/gubitka) bez odlaska u poslovnicu banke;Ugovaranje/raskid trajnog naloga","Revolt","MjenjaÄnica ","","Da, ali samo koristeÄ‡i Internet/Mobilno bankarstvo"
"2020/10/31 6:08:13 PM CET","31-35","Å½","Da","RBA","Uvid u sve raÄune/kredite/trajne naloge/promet po raÄunu;PlaÄ‡anje reÅ¾ijskih raÄuna;Transfer novca na druge raÄune","Da u potpunosti","Ugovaranje/raskid trajnog naloga","","","","Da, u potpunosti sigurno"
"2020/10/31 6:22:23 PM CET","36-40","Å½","Da","ZABA","Uvid u sve raÄune/kredite/trajne naloge/promet po raÄunu;PlaÄ‡anje reÅ¾ijskih raÄuna;Transfer novca na druge raÄune;Ugovaranje ostalih proizvoda/usluga","Da, ali treba ga dodatno unaprijediti","Zahtjev i ugovaranje nenamjenskih kredita;Blokiranje svih kartica na zahtjev (npr. u sluÄaju kraÄ‘e/gubitka) bez odlaska u poslovnicu banke;Virtualnu karticu","","","","Da, ali samo koristeÄ‡i Internet/Mobilno bankarstvo"
"2020/10/31 6:32:57 PM CET","51-55","Å½","Da","PBZ","Uvid u sve raÄune/kredite/trajne naloge/promet po raÄunu;PlaÄ‡anje reÅ¾ijskih raÄuna;Transfer novca na druge raÄune","Da u potpunosti","Blokiranje svih kartica na zahtjev (npr. u sluÄaju kraÄ‘e/gubitka) bez odlaska u poslovnicu banke","Revolut","Kupovina","","Ne osjeÄ‡am se sigurno"
"2020/10/31 6:36:02 PM CET","56-60","Å½","Da","ZABA;Addiko Bank","Uvid u sve raÄune/kredite/trajne naloge/promet po raÄunu;PlaÄ‡anje reÅ¾ijskih raÄuna;Transfer novca na druge raÄune;OroÄavanje sredstava (Å tednja)","Da u potpunosti;Da, ali treba ga dodatno unaprijediti","Dostavu novog PIN-a za debitnu/kreditnu karticu na zahtjev;Blokiranje svih kartica na zahtjev (npr. u sluÄaju kraÄ‘e/gubitka) bez odlaska u poslovnicu banke;Ugovaranje/raskid trajnog naloga;Otvaranje novog raÄuna (npr. Å¾iro raÄuna);Zahtjev za promjenom dopuÅ¡tenog prekoraÄenja;Ukidanje opunomoÄ‡enika","","","","Da, ali samo koristeÄ‡i Internet/Mobilno bankarstvo"
"2020/10/31 6:40:38 PM CET","36-40","Å½","Da","ZABA","Uvid u sve raÄune/kredite/trajne naloge/promet po raÄunu;PlaÄ‡anje reÅ¾ijskih raÄuna;Transfer novca na druge raÄune;Kupoprodaja strane valute (MijenjaÄnica);Ugovaranje ostalih proizvoda/usluga","Da u potpunosti","Virtualnu karticu","Ne","Ne","Ne","Da, u potpunosti sigurno"
"2020/10/31 6:59:49 PM CET","51-55","Å½","Da","Addiko Bank","Uvid u sve raÄune/kredite/trajne naloge/promet po raÄunu;PlaÄ‡anje reÅ¾ijskih raÄuna;Transfer novca na druge raÄune;Kupoprodaja strane valute (MijenjaÄnica);Ulaganje u investicijske fondove","Da u potpunosti","","","","","Da, u potpunosti sigurno"
"2020/10/31 7:20:06 PM CET","51-55","Å½","Da","Addiko Bank","Uvid u sve raÄune/kredite/trajne naloge/promet po raÄunu;PlaÄ‡anje reÅ¾ijskih raÄuna;Transfer novca na druge raÄune;Kupoprodaja strane valute (MijenjaÄnica)","Da u potpunosti","Zahtjev i ugovaranje nenamjenskih kredita;Ulaganje u investicijske fondove;Dostavu novog PIN-a za debitnu/kreditnu karticu na zahtjev;Otvaranje novog raÄuna (npr. Å¾iro raÄuna);Ukidanje opunomoÄ‡enika","NiÅ¡ta","niÅ¡ta","ne znsm","Da, ali samo koristeÄ‡i Internet/Mobilno bankarstvo"
"2020/10/31 7:38:13 PM CET","31-35","Å½","Da","HPB","Uvid u sve raÄune/kredite/trajne naloge/promet po raÄunu;PlaÄ‡anje reÅ¾ijskih raÄuna;Transfer novca na druge raÄune","Da u potpunosti","Dostavu novog PIN-a za debitnu/kreditnu karticu na zahtjev;Blokiranje svih kartica na zahtjev (npr. u sluÄaju kraÄ‘e/gubitka) bez odlaska u poslovnicu banke;Otvaranje novog raÄuna (npr. Å¾iro raÄuna);Zahtjev za promjenom dopuÅ¡tenog prekoraÄenja","","","","Da, u potpunosti sigurno"
"2020/10/31 7:45:09 PM CET","36-40","Å½","Da","Erste Bank","Uvid u sve raÄune/kredite/trajne naloge/promet po raÄunu;PlaÄ‡anje reÅ¾ijskih raÄuna;Transfer novca na druge raÄune","Da u potpunosti","Internet/Mobilno bankarstvo koje koristim nudi sve gore navedene usluge","","","","Da, u potpunosti sigurno"
"2020/10/31 7:52:09 PM CET","36-40","Å½","Da","PBZ;Addiko Bank","Uvid u sve raÄune/kredite/trajne naloge/promet po raÄunu;PlaÄ‡anje reÅ¾ijskih raÄuna;Transfer novca na druge raÄune","Da, ali treba ga dodatno unaprijediti","Blokiranje svih kartica na zahtjev (npr. u sluÄaju kraÄ‘e/gubitka) bez odlaska u poslovnicu banke;Otvaranje novog raÄuna (npr. Å¾iro raÄuna);Zahtjev za promjenom dopuÅ¡tenog prekoraÄenja;Ukidanje opunomoÄ‡enika","","","","Da, u potpunosti sigurno"
"2020/10/31 8:06:50 PM CET","36-40","Å½","Da","ZABA","Uvid u sve raÄune/kredite/trajne naloge/promet po raÄunu;PlaÄ‡anje reÅ¾ijskih raÄuna;Transfer novca na druge raÄune","Da u potpunosti","Zahtjev i ugovaranje nenamjenskih kredita;Dostavu novog PIN-a za debitnu/kreditnu karticu na zahtjev;Blokiranje svih kartica na zahtjev (npr. u sluÄaju kraÄ‘e/gubitka) bez odlaska u poslovnicu banke;Ugovaranje/raskid trajnog naloga;Otvaranje novog raÄuna (npr. Å¾iro raÄuna);Zahtjev za promjenom dopuÅ¡tenog prekoraÄenja","","","","Da, ali samo koristeÄ‡i Internet/Mobilno bankarstvo"
"2020/10/31 8:15:20 PM CET","31-35","M","Da","PBZ;Erste Bank;Neka druga banka","Uvid u sve raÄune/kredite/trajne naloge/promet po raÄunu;PlaÄ‡anje reÅ¾ijskih raÄuna;Transfer novca na druge raÄune;Kupoprodaja strane valute (MijenjaÄnica)","Da, ali treba ga dodatno unaprijediti","Blokiranje svih kartica na zahtjev (npr. u sluÄaju kraÄ‘e/gubitka) bez odlaska u poslovnicu banke;Ugovaranje/raskid trajnog naloga;Otvaranje novog raÄuna (npr. Å¾iro raÄuna);Ukidanje opunomoÄ‡enika;Virtualnu karticu","revolut","Kupovina","Ne znam","Da, u potpunosti sigurno"
"2020/10/31 8:20:52 PM CET","56-60","Å½","Da","ZABA","Uvid u sve raÄune/kredite/trajne naloge/promet po raÄunu","Da u potpunosti","Blokiranje svih kartica na zahtjev (npr. u sluÄaju kraÄ‘e/gubitka) bez odlaska u poslovnicu banke","","","","Da, u potpunosti sigurno"
"2020/10/31 8:29:07 PM CET","preko 60","Å½","Ne","Ne koristim Internet/Mobilno bankarstvo","Ne koristim Internet/Mobilno bankarstvo","Ne koristim Internet/Mobilno bankarstvo","Ne koristim Internet/Mobilno bankarstvo","","","","Ne koristim Internet/Mobilno bankarstvo/FinTech aplikacije"
"2020/10/31 8:32:19 PM CET","36-40","Å½","Da","PBZ","Uvid u sve raÄune/kredite/trajne naloge/promet po raÄunu;PlaÄ‡anje reÅ¾ijskih raÄuna;Transfer novca na druge raÄune","Da, ali treba ga dodatno unaprijediti","Blokiranje svih kartica na zahtjev (npr. u sluÄaju kraÄ‘e/gubitka) bez odlaska u poslovnicu banke;Ugovaranje/raskid trajnog naloga","Keks pay","Transfer novca ","ğŸ¤·ğŸ»â€â™€ï¸ Nema provizije za transfer novca","Da, ali samo koristeÄ‡i Internet/Mobilno bankarstvo"
"2020/10/31 8:36:32 PM CET","41-45","Å½","Da","PBZ","Uvid u sve raÄune/kredite/trajne naloge/promet po raÄunu;PlaÄ‡anje reÅ¾ijskih raÄuna","Da, ali treba ga dodatno unaprijediti","Dostavu novog PIN-a za debitnu/kreditnu karticu na zahtjev;Blokiranje svih kartica na zahtjev (npr. u sluÄaju kraÄ‘e/gubitka) bez odlaska u poslovnicu banke;Ugovaranje/raskid trajnog naloga;Otvaranje novog raÄuna (npr. Å¾iro raÄuna);Zahtjev za promjenom dopuÅ¡tenog prekoraÄenja","","","","Da, ali samo koristeÄ‡i Internet/Mobilno bankarstvo"
"2020/10/31 9:27:24 PM CET","46-50","Å½","Da","Addiko Bank","Uvid u sve raÄune/kredite/trajne naloge/promet po raÄunu;PlaÄ‡anje reÅ¾ijskih raÄuna;Transfer novca na druge raÄune","Da u potpunosti","","","","","Da, u potpunosti sigurno"
"2020/10/31 9:30:06 PM CET","36-40","Å½","Da","PBZ","Uvid u sve raÄune/kredite/trajne naloge/promet po raÄunu;PlaÄ‡anje reÅ¾ijskih raÄuna;Transfer novca na druge raÄune;Zahtjev za nenamjenski kredit","Da u potpunosti","Ugovaranje/raskid trajnog naloga;Otvaranje novog raÄuna (npr. Å¾iro raÄuna);Zahtjev za promjenom dopuÅ¡tenog prekoraÄenja","","","","Da, ali samo koristeÄ‡i Internet/Mobilno bankarstvo"
"2020/10/31 9:36:56 PM CET","26-30","Å½","Da","PBZ","Uvid u sve raÄune/kredite/trajne naloge/promet po raÄunu","Da u potpunosti","Dostavu novog PIN-a za debitnu/kreditnu karticu na zahtjev","","","","Da, u potpunosti sigurno"
"2020/10/31 9:37:07 PM CET","31-35","Å½","Da","PBZ","Uvid u sve raÄune/kredite/trajne naloge/promet po raÄunu;PlaÄ‡anje reÅ¾ijskih raÄuna;Transfer novca na druge raÄune","Da u potpunosti","Blokiranje svih kartica na zahtjev (npr. u sluÄaju kraÄ‘e/gubitka) bez odlaska u poslovnicu banke","","","","Da, ali samo koristeÄ‡i Internet/Mobilno bankarstvo"
"2020/10/31 10:03:50 PM CET","41-45","Å½","Ne","Addiko Bank","Uvid u sve raÄune/kredite/trajne naloge/promet po raÄunu;PlaÄ‡anje reÅ¾ijskih raÄuna;Transfer novca na druge raÄune;Ugovaranje ostalih proizvoda/usluga","Da u potpunosti","Dostavu novog PIN-a za debitnu/kreditnu karticu na zahtjev;Blokiranje svih kartica na zahtjev (npr. u sluÄaju kraÄ‘e/gubitka) bez odlaska u poslovnicu banke;Ugovaranje/raskid trajnog naloga;Otvaranje novog raÄuna (npr. Å¾iro raÄuna);Zahtjev za promjenom dopuÅ¡tenog prekoraÄenja;Ukidanje opunomoÄ‡enika;Virtualnu karticu","","","","Da, u potpunosti sigurno"
"2020/10/31 10:11:03 PM CET","56-60","Å½","Da","Addiko Bank","Uvid u sve raÄune/kredite/trajne naloge/promet po raÄunu;PlaÄ‡anje reÅ¾ijskih raÄuna;Transfer novca na druge raÄune;Kupoprodaja strane valute (MijenjaÄnica);OroÄavanje sredstava (Å tednja);Ulaganje u investicijske fondove;Ugovaranje ostalih proizvoda/usluga","Da u potpunosti","Dostavu novog PIN-a za debitnu/kreditnu karticu na zahtjev;Blokiranje svih kartica na zahtjev (npr. u sluÄaju kraÄ‘e/gubitka) bez odlaska u poslovnicu banke;Ugovaranje/raskid trajnog naloga;Otvaranje novog raÄuna (npr. Å¾iro raÄuna);Zahtjev za promjenom dopuÅ¡tenog prekoraÄenja;Ukidanje opunomoÄ‡enika;Virtualnu karticu","","","","Da, ali samo koristeÄ‡i Internet/Mobilno bankarstvo"
"2020/10/31 10:39:24 PM CET","46-50","Å½","Da","Neka druga banka","Uvid u sve raÄune/kredite/trajne naloge/promet po raÄunu;PlaÄ‡anje reÅ¾ijskih raÄuna;Transfer novca na druge raÄune","Da u potpunosti","Dostavu novog PIN-a za debitnu/kreditnu karticu na zahtjev;Blokiranje svih kartica na zahtjev (npr. u sluÄaju kraÄ‘e/gubitka) bez odlaska u poslovnicu banke;Ugovaranje/raskid trajnog naloga;Zahtjev za promjenom dopuÅ¡tenog prekoraÄenja","","","","Da, ali samo koristeÄ‡i Internet/Mobilno bankarstvo"
"2020/10/31 10:45:30 PM CET","41-45","Å½","Da","ZABA","Uvid u sve raÄune/kredite/trajne naloge/promet po raÄunu;PlaÄ‡anje reÅ¾ijskih raÄuna;Transfer novca na druge raÄune;OroÄavanje sredstava (Å tednja)","Da, ali treba ga dodatno unaprijediti","Blokiranje svih kartica na zahtjev (npr. u sluÄaju kraÄ‘e/gubitka) bez odlaska u poslovnicu banke;Ugovaranje/raskid trajnog naloga;Zahtjev za promjenom dopuÅ¡tenog prekoraÄenja;Ukidanje opunomoÄ‡enika","","","","Da, ali samo koristeÄ‡i Internet/Mobilno bankarstvo"
"2020/10/31 10:45:36 PM CET","46-50","Å½","Da","ZABA","Uvid u sve raÄune/kredite/trajne naloge/promet po raÄunu;PlaÄ‡anje reÅ¾ijskih raÄuna;Transfer novca na druge raÄune;Ulaganje u investicijske fondove","Da u potpunosti","Internet/Mobilno bankarstvo koje koristim nudi sve gore navedene usluge","","","",""
"2020/10/31 11:05:26 PM CET","18-25","Å½","Da","ZABA","Uvid u sve raÄune/kredite/trajne naloge/promet po raÄunu;Transfer novca na druge raÄune","Da u potpunosti","Dostavu novog PIN-a za debitnu/kreditnu karticu na zahtjev;Blokiranje svih kartica na zahtjev (npr. u sluÄaju kraÄ‘e/gubitka) bez odlaska u poslovnicu banke;Otvaranje novog raÄuna (npr. Å¾iro raÄuna);Virtualnu karticu","Revolut, Monzo","Apple pay, konverzija, transfer novaca","Prednosti- dostupnost, lakoÄ‡a koriÅ¡tenja, bolji teÄaj","Da, u potpunosti sigurno"
"2020/10/31 11:20:02 PM CET","36-40","Å½","Da","Neka druga banka","Uvid u sve raÄune/kredite/trajne naloge/promet po raÄunu;PlaÄ‡anje reÅ¾ijskih raÄuna;Transfer novca na druge raÄune","Da, ali treba ga dodatno unaprijediti","Zahtjev i ugovaranje nenamjenskih kredita;Ulaganje u investicijske fondove;Dostavu novog PIN-a za debitnu/kreditnu karticu na zahtjev;Blokiranje svih kartica na zahtjev (npr. u sluÄaju kraÄ‘e/gubitka) bez odlaska u poslovnicu banke;Ugovaranje/raskid trajnog naloga;Otvaranje novog raÄuna (npr. Å¾iro raÄuna);Zahtjev za promjenom dopuÅ¡tenog prekoraÄenja;Ukidanje opunomoÄ‡enika;Virtualnu karticu","","","","Da, u potpunosti sigurno"
"2020/10/31 11:26:19 PM CET","46-50","M","Da","Neka druga banka","Uvid u sve raÄune/kredite/trajne naloge/promet po raÄunu;PlaÄ‡anje reÅ¾ijskih raÄuna;Transfer novca na druge raÄune","Da u potpunosti","Ugovaranje/raskid trajnog naloga","","","","Da, u potpunosti sigurno"
"2020/10/31 11:41:32 PM CET","41-45","Å½","Da","Neka druga banka","Uvid u sve raÄune/kredite/trajne naloge/promet po raÄunu;PlaÄ‡anje reÅ¾ijskih raÄuna;Transfer novca na druge raÄune","Da, ali treba ga dodatno unaprijediti","Zahtjev i ugovaranje nenamjenskih kredita;Ugovaranje/raskid trajnog naloga","","Kupovina, placanje racuna","Brzina i fleksibilnost/upitna sigurnost","Da, ali samo koristeÄ‡i Internet/Mobilno bankarstvo"
"2020/11/01 12:07:53 AM CET","18-25","Å½","Da","Addiko Bank","Uvid u sve raÄune/kredite/trajne naloge/promet po raÄunu;PlaÄ‡anje reÅ¾ijskih raÄuna;Transfer novca na druge raÄune","Da, ali treba ga dodatno unaprijediti","Dostavu novog PIN-a za debitnu/kreditnu karticu na zahtjev;Blokiranje svih kartica na zahtjev (npr. u sluÄaju kraÄ‘e/gubitka) bez odlaska u poslovnicu banke;Virtualnu karticu","","","","Da, u potpunosti sigurno"
"2020/11/01 12:54:22 AM CET","46-50","M","Da","Neka druga banka","Uvid u sve raÄune/kredite/trajne naloge/promet po raÄunu;PlaÄ‡anje reÅ¾ijskih raÄuna","Da u potpunosti","Ugovaranje/raskid trajnog naloga","Revolut","Kupovina","Primanje plaÄ‡e","Da, u potpunosti sigurno"
"2020/11/01 1:06:41 AM CET","26-30","M","Da","PBZ;Neka druga banka","Uvid u sve raÄune/kredite/trajne naloge/promet po raÄunu;Transfer novca na druge raÄune","Da u potpunosti","nikaj","pa dosta toga","transfer","Nez","Da, u potpunosti sigurno"
"2020/11/01 7:35:38 AM CET","41-45","Å½","Da","ZABA","Uvid u sve raÄune/kredite/trajne naloge/promet po raÄunu;PlaÄ‡anje reÅ¾ijskih raÄuna;Transfer novca na druge raÄune;OroÄavanje sredstava (Å tednja)","Da u potpunosti","Blokiranje svih kartica na zahtjev (npr. u sluÄaju kraÄ‘e/gubitka) bez odlaska u poslovnicu banke;Ugovaranje/raskid trajnog naloga","Revolut","Kupovina","Prednost je dostupnost informacija i sredstava u svakom trenu. ","Da, u potpunosti sigurno"
"2020/11/01 9:15:12 AM CET","41-45","Å½","Da","ZABA","PlaÄ‡anje reÅ¾ijskih raÄuna","Da u potpunosti","Blokiranje svih kartica na zahtjev (npr. u sluÄaju kraÄ‘e/gubitka) bez odlaska u poslovnicu banke","Niti jedan","Niti jedan","Ne znam ne koristim","Da, u potpunosti sigurno"
"2020/11/01 9:19:41 AM CET","51-55","M","Da","Erste Bank","Uvid u sve raÄune/kredite/trajne naloge/promet po raÄunu;PlaÄ‡anje reÅ¾ijskih raÄuna;Transfer novca na druge raÄune;Kupoprodaja strane valute (MijenjaÄnica)","Da u potpunosti","Blokiranje svih kartica na zahtjev (npr. u sluÄaju kraÄ‘e/gubitka) bez odlaska u poslovnicu banke","","","","Da, u potpunosti sigurno"
"2020/11/01 9:57:31 AM CET","31-35","Å½","Da","Erste Bank","Uvid u sve raÄune/kredite/trajne naloge/promet po raÄunu;PlaÄ‡anje reÅ¾ijskih raÄuna;Transfer novca na druge raÄune","Da, ali treba ga dodatno unaprijediti","Blokiranje svih kartica na zahtjev (npr. u sluÄaju kraÄ‘e/gubitka) bez odlaska u poslovnicu banke","","","","Da, ali samo koristeÄ‡i Internet/Mobilno bankarstvo"
"2020/11/01 10:08:02 AM CET","41-45","Å½","Da","Neka druga banka","Uvid u sve raÄune/kredite/trajne naloge/promet po raÄunu;PlaÄ‡anje reÅ¾ijskih raÄuna;Transfer novca na druge raÄune","Da, ali treba ga dodatno unaprijediti","Dostavu novog PIN-a za debitnu/kreditnu karticu na zahtjev;Blokiranje svih kartica na zahtjev (npr. u sluÄaju kraÄ‘e/gubitka) bez odlaska u poslovnicu banke;Ugovaranje/raskid trajnog naloga;Otvaranje novog raÄuna (npr. Å¾iro raÄuna);Zahtjev za promjenom dopuÅ¡tenog prekoraÄenja;Ukidanje opunomoÄ‡enika","","","","Da, ali samo koristeÄ‡i Internet/Mobilno bankarstvo"
"2020/11/01 10:09:05 AM CET","41-45","Å½","Da","Neka druga banka","Uvid u sve raÄune/kredite/trajne naloge/promet po raÄunu;PlaÄ‡anje reÅ¾ijskih raÄuna;Transfer novca na druge raÄune;Ugovaranje ostalih proizvoda/usluga","Da, ali treba ga dodatno unaprijediti","Dostavu novog PIN-a za debitnu/kreditnu karticu na zahtjev;Blokiranje svih kartica na zahtjev (npr. u sluÄaju kraÄ‘e/gubitka) bez odlaska u poslovnicu banke;Ugovaranje/raskid trajnog naloga;Otvaranje novog raÄuna (npr. Å¾iro raÄuna);Zahtjev za promjenom dopuÅ¡tenog prekoraÄenja;Ukidanje opunomoÄ‡enika","","","","Da, ali samo koristeÄ‡i Internet/Mobilno bankarstvo"
"2020/11/01 10:52:51 AM CET","46-50","M","Da","Erste Bank","Uvid u sve raÄune/kredite/trajne naloge/promet po raÄunu;PlaÄ‡anje reÅ¾ijskih raÄuna;Transfer novca na druge raÄune;Kupoprodaja strane valute (MijenjaÄnica);OroÄavanje sredstava (Å tednja)","Da, ali treba ga dodatno unaprijediti","Dostavu novog PIN-a za debitnu/kreditnu karticu na zahtjev;Blokiranje svih kartica na zahtjev (npr. u sluÄaju kraÄ‘e/gubitka) bez odlaska u poslovnicu banke;Ugovaranje/raskid trajnog naloga;Zahtjev za promjenom dopuÅ¡tenog prekoraÄenja;Ukidanje opunomoÄ‡enika","","","",""
"2020/11/01 10:55:48 AM CET","31-35","Å½","Da","Erste Bank","Uvid u sve raÄune/kredite/trajne naloge/promet po raÄunu;PlaÄ‡anje reÅ¾ijskih raÄuna;Transfer novca na druge raÄune","Da, ali treba ga dodatno unaprijediti","Zahtjev i ugovaranje nenamjenskih kredita;Ugovaranje/raskid trajnog naloga","","Kupovina","","Da, ali samo koristeÄ‡i Internet/Mobilno bankarstvo"
"2020/11/01 11:07:13 AM CET","36-40","Å½","Da","ZABA;Erste Bank","Uvid u sve raÄune/kredite/trajne naloge/promet po raÄunu;PlaÄ‡anje reÅ¾ijskih raÄuna;Transfer novca na druge raÄune","Da u potpunosti","Dostavu novog PIN-a za debitnu/kreditnu karticu na zahtjev;Blokiranje svih kartica na zahtjev (npr. u sluÄaju kraÄ‘e/gubitka) bez odlaska u poslovnicu banke;Ugovaranje/raskid trajnog naloga;Otvaranje novog raÄuna (npr. Å¾iro raÄuna)","","","","Da, ali samo koristeÄ‡i Internet/Mobilno bankarstvo"
"2020/11/01 11:13:14 AM CET","41-45","M","Da","Erste Bank","Uvid u sve raÄune/kredite/trajne naloge/promet po raÄunu;PlaÄ‡anje reÅ¾ijskih raÄuna;Transfer novca na druge raÄune","Da, ali treba ga dodatno unaprijediti","Dostavu novog PIN-a za debitnu/kreditnu karticu na zahtjev;Blokiranje svih kartica na zahtjev (npr. u sluÄaju kraÄ‘e/gubitka) bez odlaska u poslovnicu banke;Ugovaranje/raskid trajnog naloga;Zahtjev za promjenom dopuÅ¡tenog prekoraÄenja;Virtualnu karticu","","","","Da, ali samo koristeÄ‡i Internet/Mobilno bankarstvo"
"2020/11/01 11:16:45 AM CET","36-40","Å½","Ne","","","","","","","",""
"2020/11/01 11:18:11 AM CET","36-40","M","Da","RBA","Uvid u sve raÄune/kredite/trajne naloge/promet po raÄunu;PlaÄ‡anje reÅ¾ijskih raÄuna;Transfer novca na druge raÄune","Da, ali treba ga dodatno unaprijediti","Zahtjev i ugovaranje nenamjenskih kredita;Dostavu novog PIN-a za debitnu/kreditnu karticu na zahtjev;Blokiranje svih kartica na zahtjev (npr. u sluÄaju kraÄ‘e/gubitka) bez odlaska u poslovnicu banke;Zahtjev za promjenom dopuÅ¡tenog prekoraÄenja","Ne koristim","Ne koristim","Ne koristim","Da, ali samo koristeÄ‡i Internet/Mobilno bankarstvo"
"2020/11/01 2:22:34 PM CET","36-40","Å½","Da","Addiko Bank","Uvid u sve raÄune/kredite/trajne naloge/promet po raÄunu;PlaÄ‡anje reÅ¾ijskih raÄuna;Transfer novca na druge raÄune","Da u potpunosti","Dostavu novog PIN-a za debitnu/kreditnu karticu na zahtjev;Blokiranje svih kartica na zahtjev (npr. u sluÄaju kraÄ‘e/gubitka) bez odlaska u poslovnicu banke;Ugovaranje/raskid trajnog naloga;Ukidanje opunomoÄ‡enika","","","","Da, u potpunosti sigurno"
"2020/11/01 2:35:36 PM CET","18-25","Å½","Da","Erste Bank","Uvid u sve raÄune/kredite/trajne naloge/promet po raÄunu;PlaÄ‡anje reÅ¾ijskih raÄuna;Transfer novca na druge raÄune","Da u potpunosti","Blokiranje svih kartica na zahtjev (npr. u sluÄaju kraÄ‘e/gubitka) bez odlaska u poslovnicu banke;Zahtjev za promjenom dopuÅ¡tenog prekoraÄenja","Keks Pay, PayPal","Kupovina, transfer novca ","Prednosti su dostupnost bilo kada i bilo gdje, jednostavnost koriÅ¡tenja, smanjena birokracija, nedostatci su nesigurnost i moguÄ‡nost kraÄ‘e podataka. ","Da, ali samo koristeÄ‡i Internet/Mobilno bankarstvo"
"2020/11/01 2:44:56 PM CET","51-55","Å½","Da","ZABA","Uvid u sve raÄune/kredite/trajne naloge/promet po raÄunu;PlaÄ‡anje reÅ¾ijskih raÄuna;Transfer novca na druge raÄune","Da, ali treba ga dodatno unaprijediti","Virtualnu karticu","Paypal Revolut","Transfer","","Da, ali samo koristeÄ‡i Internet/Mobilno bankarstvo"
"2020/11/01 4:30:28 PM CET","36-40","Å½","Da","Erste Bank;Neka druga banka","Uvid u sve raÄune/kredite/trajne naloge/promet po raÄunu;PlaÄ‡anje reÅ¾ijskih raÄuna;Transfer novca na druge raÄune","Da, ali treba ga dodatno unaprijediti","Zahtjev i ugovaranje nenamjenskih kredita;Blokiranje svih kartica na zahtjev (npr. u sluÄaju kraÄ‘e/gubitka) bez odlaska u poslovnicu banke;Ugovaranje/raskid trajnog naloga;Otvaranje novog raÄuna (npr. Å¾iro raÄuna)","","","","Da, u potpunosti sigurno"
"2020/11/01 4:59:32 PM CET","36-40","Å½","Da","Sberbank","Uvid u sve raÄune/kredite/trajne naloge/promet po raÄunu;PlaÄ‡anje reÅ¾ijskih raÄuna;Transfer novca na druge raÄune;Ugovaranje ostalih proizvoda/usluga;Zahtjev za nenamjenski kredit","Da u potpunosti","Dostavu novog PIN-a za debitnu/kreditnu karticu na zahtjev;Ugovaranje/raskid trajnog naloga;Zahtjev za promjenom dopuÅ¡tenog prekoraÄenja","","Kupovina","NemoguÄnost probavanja  i ispitivanja kvalitete","Da, u potpunosti sigurno"
"2020/11/01 5:14:29 PM CET","36-40","Å½","Da","RBA","Uvid u sve raÄune/kredite/trajne naloge/promet po raÄunu;PlaÄ‡anje reÅ¾ijskih raÄuna;Transfer novca na druge raÄune;OroÄavanje sredstava (Å tednja)","Da u potpunosti","Zahtjev i ugovaranje nenamjenskih kredita;Dostavu novog PIN-a za debitnu/kreditnu karticu na zahtjev;Blokiranje svih kartica na zahtjev (npr. u sluÄaju kraÄ‘e/gubitka) bez odlaska u poslovnicu banke;Zahtjev za promjenom dopuÅ¡tenog prekoraÄenja","Revolut","Kupovina,transfer novca","","Da, u potpunosti sigurno"
"2020/11/01 5:52:36 PM CET","31-35","Å½","Da","Erste Bank","Uvid u sve raÄune/kredite/trajne naloge/promet po raÄunu;Transfer novca na druge raÄune","Da u potpunosti","Blokiranje svih kartica na zahtjev (npr. u sluÄaju kraÄ‘e/gubitka) bez odlaska u poslovnicu banke;Ugovaranje/raskid trajnog naloga;Zahtjev za promjenom dopuÅ¡tenog prekoraÄenja","","Kupovina ","","Da, ali samo koristeÄ‡i Internet/Mobilno bankarstvo"
"2020/11/01 10:15:50 PM CET","31-35","Å½","Da","Addiko Bank","Uvid u sve raÄune/kredite/trajne naloge/promet po raÄunu;PlaÄ‡anje reÅ¾ijskih raÄuna;Transfer novca na druge raÄune;Kupoprodaja strane valute (MijenjaÄnica);OroÄavanje sredstava (Å tednja)","Da, ali treba ga dodatno unaprijediti","Zahtjev i ugovaranje nenamjenskih kredita;Dostavu novog PIN-a za debitnu/kreditnu karticu na zahtjev;Blokiranje svih kartica na zahtjev (npr. u sluÄaju kraÄ‘e/gubitka) bez odlaska u poslovnicu banke;Zahtjev za promjenom dopuÅ¡tenog prekoraÄenja;Ukidanje opunomoÄ‡enika","/","/","/","Da, u potpunosti sigurno"
"2020/11/01 10:56:25 PM CET","46-50","Å½","Da","PBZ","Uvid u sve raÄune/kredite/trajne naloge/promet po raÄunu;PlaÄ‡anje reÅ¾ijskih raÄuna;Transfer novca na druge raÄune;Ugovaranje ostalih proizvoda/usluga","Da u potpunosti","Blokiranje svih kartica na zahtjev (npr. u sluÄaju kraÄ‘e/gubitka) bez odlaska u poslovnicu banke;Zahtjev za promjenom dopuÅ¡tenog prekoraÄenja","","","","Da, u potpunosti sigurno"
"2020/11/02 7:36:55 AM CET","41-45","Å½","Da","Addiko Bank","Uvid u sve raÄune/kredite/trajne naloge/promet po raÄunu;PlaÄ‡anje reÅ¾ijskih raÄuna;Transfer novca na druge raÄune","Da u potpunosti","Blokiranje svih kartica na zahtjev (npr. u sluÄaju kraÄ‘e/gubitka) bez odlaska u poslovnicu banke;Virtualnu karticu","revolut","transfer novca","","Da, u potpunosti sigurno"
"2020/11/02 9:25:47 AM CET","26-30","M","Da","Neka druga banka","Uvid u sve raÄune/kredite/trajne naloge/promet po raÄunu;PlaÄ‡anje reÅ¾ijskih raÄuna;Transfer novca na druge raÄune","Da, ali treba ga dodatno unaprijediti","Zahtjev za promjenom dopuÅ¡tenog prekoraÄenja","n/a","n/a","n/a","Da, u potpunosti sigurno"
"2020/11/02 9:26:16 AM CET","31-35","Å½","Da","ZABA","Uvid u sve raÄune/kredite/trajne naloge/promet po raÄunu;PlaÄ‡anje reÅ¾ijskih raÄuna;Transfer novca na druge raÄune;Kupoprodaja strane valute (MijenjaÄnica)","Da u potpunosti","Blokiranje svih kartica na zahtjev (npr. u sluÄaju kraÄ‘e/gubitka) bez odlaska u poslovnicu banke;Ugovaranje/raskid trajnog naloga","","","","Da, ali samo koristeÄ‡i Internet/Mobilno bankarstvo"
"2020/11/02 5:46:36 PM CET","26-30","Å½","Da","PBZ","Uvid u sve raÄune/kredite/trajne naloge/promet po raÄunu;PlaÄ‡anje reÅ¾ijskih raÄuna;Transfer novca na druge raÄune","Da u potpunosti","Dostavu novog PIN-a za debitnu/kreditnu karticu na zahtjev;Blokiranje svih kartica na zahtjev (npr. u sluÄaju kraÄ‘e/gubitka) bez odlaska u poslovnicu banke","Ne koristim","Ne koristim","Ne koristim","Da, u potpunosti sigurno"
"2020/11/03 11:17:51 AM CET","preko 60","Å½","Da","Addiko Bank","PlaÄ‡anje reÅ¾ijskih raÄuna","Da u potpunosti","Blokiranje svih kartica na zahtjev (npr. u sluÄaju kraÄ‘e/gubitka) bez odlaska u poslovnicu banke","","","","Da, u potpunosti sigurno"
"2020/11/03 10:32:04 PM CET","41-45","M","Da","Erste Bank;HPB","Uvid u sve raÄune/kredite/trajne naloge/promet po raÄunu;PlaÄ‡anje reÅ¾ijskih raÄuna;Transfer novca na druge raÄune;Ne koristim Internet/Mobilno bankarstvo","Da u potpunosti","Otvaranje novog raÄuna (npr. Å¾iro raÄuna)","Ne koristim ","NiÅ¡ta","Ne koristim ","Da, u potpunosti sigurno"
"2020/11/04 3:28:55 PM CET","51-55","Å½","Da","ZABA","Uvid u sve raÄune/kredite/trajne naloge/promet po raÄunu;PlaÄ‡anje reÅ¾ijskih raÄuna;Transfer novca na druge raÄune","Da u potpunosti","ne mislim da mi  nesto nedostaje","sto podrazumijvas pod FinTech servisima? Revolut osobno ne koristim, moji u obitelji da ","- ","- ","Da, u potpunosti sigurno"
"2020/11/06 7:46:54 AM CET","18-25","M","Da","ZABA;Neka druga banka","Uvid u sve raÄune/kredite/trajne naloge/promet po raÄunu;Transfer novca na druge raÄune","Da, ali treba ga dodatno unaprijediti","Dostavu novog PIN-a za debitnu/kreditnu karticu na zahtjev;Blokiranje svih kartica na zahtjev (npr. u sluÄaju kraÄ‘e/gubitka) bez odlaska u poslovnicu banke;Zahtjev za promjenom dopuÅ¡tenog prekoraÄenja;Virtualnu karticu","Revolut","Kupovina, mjenjacnica i transfer novca","Prednost je vise valuta na jednom racunu, mana je prihvacenost od drugih ljudi - npr spotify ne dozvoljava koristenje revoluta kao racuna za transakciju clanarine","Da, u potpunosti sigurno"
"2020/11/06 12:23:47 PM CET","41-45","M","Da","ZABA","Uvid u sve raÄune/kredite/trajne naloge/promet po raÄunu;PlaÄ‡anje reÅ¾ijskih raÄuna;Transfer novca na druge raÄune","Da, ali treba ga dodatno unaprijediti","Ulaganje u investicijske fondove;Dostavu novog PIN-a za debitnu/kreditnu karticu na zahtjev;Blokiranje svih kartica na zahtjev (npr. u sluÄaju kraÄ‘e/gubitka) bez odlaska u poslovnicu banke;Ugovaranje/raskid trajnog naloga;Otvaranje novog raÄuna (npr. Å¾iro raÄuna);Ukidanje opunomoÄ‡enika;Virtualnu karticu","-","-","-","Da, u potpunosti sigurno"
"2020/11/07 9:08:59 AM CET","46-50","Å½","Da","PBZ","Uvid u sve raÄune/kredite/trajne naloge/promet po raÄunu;PlaÄ‡anje reÅ¾ijskih raÄuna;Transfer novca na druge raÄune;Kupoprodaja strane valute (MijenjaÄnica);OroÄavanje sredstava (Å tednja)","Da u potpunosti","Dostavu novog PIN-a za debitnu/kreditnu karticu na zahtjev;Blokiranje svih kartica na zahtjev (npr. u sluÄaju kraÄ‘e/gubitka) bez odlaska u poslovnicu banke;Ugovaranje/raskid trajnog naloga;Otvaranje novog raÄuna (npr. Å¾iro raÄuna);Zahtjev za promjenom dopuÅ¡tenog prekoraÄenja;Ukidanje opunomoÄ‡enika;Virtualnu karticu","Keks pay","Kupovina, transfer novca","Kako koje. Vise razlicitih aplikacija, bilo bi idealno da imamo jednu koja podrzava sve funkcionalnosti.","Da, u potpunosti sigurno"
"2020/11/07 10:55:27 AM CET","31-35","Å½","Da","Addiko Bank","Uvid u sve raÄune/kredite/trajne naloge/promet po raÄunu;PlaÄ‡anje reÅ¾ijskih raÄuna;Transfer novca na druge raÄune;Kupoprodaja strane valute (MijenjaÄnica)","Da u potpunosti","Dostavu novog PIN-a za debitnu/kreditnu karticu na zahtjev;Blokiranje svih kartica na zahtjev (npr. u sluÄaju kraÄ‘e/gubitka) bez odlaska u poslovnicu banke;Zahtjev za promjenom dopuÅ¡tenog prekoraÄenja;Virtualnu karticu","Ne koristim","Ne koristim","Ne koristim","Da, u potpunosti sigurno"
"2020/11/07 2:30:29 PM CET","31-35","Å½","Da","PBZ","Uvid u sve raÄune/kredite/trajne naloge/promet po raÄunu;PlaÄ‡anje reÅ¾ijskih raÄuna;Transfer novca na druge raÄune;OroÄavanje sredstava (Å tednja)","Da, ali treba ga dodatno unaprijediti","Internet/Mobilno bankarstvo koje koristim nudi sve gore navedene usluge","? ","? ","? ","Da, ali samo koristeÄ‡i Internet/Mobilno bankarstvo"
"2020/11/08 9:30:58 PM CET","41-45","Å½","Da","Addiko Bank","Uvid u sve raÄune/kredite/trajne naloge/promet po raÄunu;PlaÄ‡anje reÅ¾ijskih raÄuna;Transfer novca na druge raÄune;Kupoprodaja strane valute (MijenjaÄnica)","Da u potpunosti","Blokiranje svih kartica na zahtjev (npr. u sluÄaju kraÄ‘e/gubitka) bez odlaska u poslovnicu banke;Ugovaranje/raskid trajnog naloga;Ukidanje opunomoÄ‡enika","","","","Da, ali samo koristeÄ‡i Internet/Mobilno bankarstvo"
"2020/11/09 7:37:15 AM CET","41-45","M","Da","Addiko Bank","Uvid u sve raÄune/kredite/trajne naloge/promet po raÄunu;PlaÄ‡anje reÅ¾ijskih raÄuna;Transfer novca na druge raÄune","Da, ali treba ga dodatno unaprijediti","Dostavu novog PIN-a za debitnu/kreditnu karticu na zahtjev;Blokiranje svih kartica na zahtjev (npr. u sluÄaju kraÄ‘e/gubitka) bez odlaska u poslovnicu banke;Virtualnu karticu","Revolut","Kupovina, transfer","Jednostavnost, brzina, bez ugovorne obveze","Da, u potpunosti sigurno"
"2020/11/09 8:56:15 AM CET","41-45","M","Da","Erste Bank;Addiko Bank","Uvid u sve raÄune/kredite/trajne naloge/promet po raÄunu;PlaÄ‡anje reÅ¾ijskih raÄuna;Transfer novca na druge raÄune","Da u potpunosti","Zahtjev i ugovaranje nenamjenskih kredita;Dostavu novog PIN-a za debitnu/kreditnu karticu na zahtjev;Blokiranje svih kartica na zahtjev (npr. u sluÄaju kraÄ‘e/gubitka) bez odlaska u poslovnicu banke;Zahtjev za promjenom dopuÅ¡tenog prekoraÄenja","","","","Da, u potpunosti sigurno"
"2020/11/09 9:16:50 PM CET","41-45","Å½","Da","PBZ","Uvid u sve raÄune/kredite/trajne naloge/promet po raÄunu;PlaÄ‡anje reÅ¾ijskih raÄuna;Transfer novca na druge raÄune","Da, ali treba ga dodatno unaprijediti","Blokiranje svih kartica na zahtjev (npr. u sluÄaju kraÄ‘e/gubitka) bez odlaska u poslovnicu banke;Ugovaranje/raskid trajnog naloga","","","","Da, ali samo koristeÄ‡i Internet/Mobilno bankarstvo"
"2020/11/10 7:20:21 PM CET","36-40","M","Da","Addiko Bank","Uvid u sve raÄune/kredite/trajne naloge/promet po raÄunu;PlaÄ‡anje reÅ¾ijskih raÄuna","Da u potpunosti","Blokiranje svih kartica na zahtjev (npr. u sluÄaju kraÄ‘e/gubitka) bez odlaska u poslovnicu banke;Ugovaranje/raskid trajnog naloga","","","","Da, ali samo koristeÄ‡i Internet/Mobilno bankarstvo"
"2020/11/11 7:05:54 AM CET","36-40","M","Da","Addiko Bank","Uvid u sve raÄune/kredite/trajne naloge/promet po raÄunu;PlaÄ‡anje reÅ¾ijskih raÄuna","Da u potpunosti","Blokiranje svih kartica na zahtjev (npr. u sluÄaju kraÄ‘e/gubitka) bez odlaska u poslovnicu banke;Ugovaranje/raskid trajnog naloga","","","","Da, ali samo koristeÄ‡i Internet/Mobilno bankarstvo"
"2020/11/11 8:50:31 PM CET","31-35","Å½","Da","PBZ","Uvid u sve raÄune/kredite/trajne naloge/promet po raÄunu;PlaÄ‡anje reÅ¾ijskih raÄuna;Transfer novca na druge raÄune;OroÄavanje sredstava (Å tednja);Zahtjev za nenamjenski kredit","Da u potpunosti","Zahtjev i ugovaranje nenamjenskih kredita;Dostavu novog PIN-a za debitnu/kreditnu karticu na zahtjev;Blokiranje svih kartica na zahtjev (npr. u sluÄaju kraÄ‘e/gubitka) bez odlaska u poslovnicu banke;Ugovaranje/raskid trajnog naloga;Otvaranje novog raÄuna (npr. Å¾iro raÄuna);Zahtjev za promjenom dopuÅ¡tenog prekoraÄenja","Revolut","","","Da, ali samo koristeÄ‡i Internet/Mobilno bankarstvo"